Name,Team,Team Rank,Top 100 Rank,Position,Risk,OFP,Hit,Power,Field,Arm,Run,Avoid K,Draw BB,CMD,FB,CT,CB,SL,CH,SLV,SPL,FK,KN,SCR
Drake Baldwin,ATL,,,C,,50,55,50,50,40,40,55,60,,,,,,,,,,,
AJ Smith-Shawver,ATL,,,RHP,,50,,,,,,,,40,60,,50,60,50,,,,,
Cam Caminiti,ATL,,,LHP,,50,,,,,,,,50,55,,45,45,55,,,,,
Nacho Alvarez,ATL,,,3B/SS,,50,60,45,50,55,45,60,65,,,,,,,,,,,
Owen Murphy,ATL,,,RHP,,50,,,,,,,,50,50,,55,50,45,,,,,
Hurston Waldrep,ATL,,,RHP,,50,,,,,,,,45,50,,45,55,,,60,,,
Drue Hackenberrg,ATL,,,RHP,,50,,,,,,,,50,55,50,55,,40,,,,,
JR Ritchie,ATL,,,RHP,,45,,,,,,,,55,55,,,55,50,,,,,
Cade Kuehler,ATL,,,RHP,,45,,,,,,,,40,60,,55,60,30,,,,,
Garrett Baumann,ATL,,,RHP,,45,,,,,,,,50,55,,,55,45,,,,,
Jhancarlos Lara,ATL,,,RHP,,45,,,,,,,,45,60,,,60,40,,,,,
 Didier Fuentes,ATL,,,RHP,,45,,,,,,,,50,55,,,55,45,,,,,
Jose Perdomo,ATL,,,SS,,45,50,55,50,55,55,45,55,,,,,,,,,,,
Blake Burkhalter,ATL,,,RHP,,45,,,,,,,,55,55,60,,,55,,,,,
Luis Guanipa,ATL,,,OF,,40,45,50,50,50,60,50,40,,,,,,,,,,,
David McCabe,ATL,,,3B,,40,45,55,45,50,40,40,60,,,,,,,,,,,
Geraldo Quintero,ATL,,,2B/SS,,40,55,30,45,45,55,50,55,,,,,,,,,,,
Hayden Harris,ATL,,,LHP,,40,,,,,,,,45,55,,,50,,,,,,
Lucas Braun,ATL,,,RHP,,45,,,,,,,,50,50,,45,55,45,,,,,
Carter Holton,ATL,,,LHP,,45,,,,,,,,45,55,,50,55,50,,,,,
Diego Benitez,ATL,,,3B,,40,45,40,50,55,45,45,50,,,,,,,,,,,
Luke Sinnard,ATL,,,RHP,,40,,,,,,,,45,45,,55,50,45,,,,,
Douglas Glod ,ATL,,,OF,,35,45,40,45,50,45,35,60,,,,,,,,,,,
Nick Montgomery,ATL,,,C,,40,45,55,45,55,40,40,40,,,,,,,,,,,
Adam Maier,ATL,,,RHP,,40,,,,,,,,55,40,,,55,40,,,,,
Luis Vargas,ATL,,,RHP,,40,,,,,,,,40,55,,,55,,,,,,
John Gil,ATL,,,SS/3B,,45,50,40,50,50,70,55,55,,,,,,,,,,,
Herick Hernandez,ATL,,,LHP,,45,,,,,,,,50,55,,,60,45,,,,,
Rolddy Munoz,ATL,,,RHP,,40,,,,,,,,40,60,,,60,,,,,,
Elison Joseph,ATL,,,RHP,,40,,,,,,,,30,60,,,60,,,,,,
Davis Polo,ATL,,,RHP,,40,,,,,,,,55,45,,,55,50,,,,,
Ethan Bagwell,ATL,,,RHP,,40,,,,,,,,45,55,,,50,40,,,,,
Luis Arestigueta,ATL,,,RHP,,40,,,,,,,,45,50,,,45,50,,,,,
Junior Garcia,ATL,,,OF,,40,,,,,,40,30,,,,,,,,,,,
Rayven Antonio,ATL,,,RHP,,40,,,,,,,,50,50,,,40,45,,,,,
Enrique Bradfield,BAL,,,OF,,50,55,30,70,50,80,60,50,,,,,,,,,,,
Jud Fabian,BAL,,,OF,,45,30,55,55,50,55,20,55,,,,,,,,,,,
Luis de Leon,BAL,,,LHP,,45,,,,,,,,45,55,,,60,45,,,,,
Patrick Reilly,BAL,,,RHP,,40,,,,,,,,40,60,50,55,50,40,,,,,
Trace Bright,BAL,,,RHP,,45,,,,,,,,45,50,,60,45,45,,,,,
Michael Forret,BAL,,,RHP,,45,,,,,,,,45,60,,,55,50,,,,,
Keagan Gillies,BAL,,,RHP,,40,,,,,,,,45,55,55,,,,,55,,,
Brandon Young,BAL,,,RHP,,45,,,,,,,,55,45,50,50,,45,,,,,
Carter Baumler,BAL,,,RHP,,40,,,,,,,,45,55,,60,55,45,,,,,
Edwin Amparo,BAL,,,2B,,35,45,40,50,50,55,50,30,,,,,,,,,,,
Samuel Basallo,BAL,,,C/1B,,60,55,70,40,60,40,50,55,,,,,,,,,,,
Emilio Sanchez,BAL,,,SS,,45,50,40,50,55,60,45,40,,,,,,,,,,,
Chayce McDermott,BAL,,,RHP,,45,,,,,,,,40,55,,50,50,30,,,,,
Elvin Garcia,BAL,,,SS,,45,50,50,50,55,55,55,70,,,,,,,,,,,
Braylin Tavera,BAL,,,OF,,40,45,40,55,50,60,40,40,,,,,,,,,,,
Creed Willems,BAL,,,C/1B,,45,50,60,40,55,30,40,60,,,,,,,,,,,
Griff O'Ferrall,BAL,,,SS,,45,55,30,55,45,50,65,30,,,,,,,,,,,
Coby Mayo,BAL,,,3B,,55,40,70,45,60,50,30,45,,,,,,,,,,,
Alex Pham,BAL,,,RHP,,45,,,,,,,,45,50,55,50,50,45,,,,,
Aron Estrada,BAL,,,INF/OF,,45,55,45,50,50,55,60,35,,,,,,,,,,,
Ethan Anderson,BAL,,,C/1B,,45,50,50,45,50,40,60,60,,,,,,,,,,,
Austin Overn,BAL,,,OF,,40,45,40,60,50,70,40,45,,,,,,,,,,,
Dylan Beavers,BAL,,,OF,,45,45,55,50,55,55,40,50,,,,,,,,,,,
Miguel Rodriguez,BAL,,,C,,45,55,40,55,60,40,45,45,,,,,,,,,,,
Elis Cuevas,BAL,,,OF,,40,50,40,55,50,55,35,50,,,,,,,,,,,
Vance Honeycutt,BAL,,,OF,,50,40,60,60,55,70,30,50,,,,,,,,,,,
Keeler Morfe,BAL,,,RHP,,45,,,,,,,,40,60,,,50,55,,,,,
Nestor German,BAL,,,RHP,,45,,,,,,,,,50,,55,50,,,45,,,
Stiven Martinez,BAL,,,OF,,40,45,55,45,50,50,40,55,,,,,,,,,,,
Trey Gibson,BAL,,,RHP,,40,,,,,,,,45,55,45,50,55,40,,,,,
Cameron Weston,BAL,,,RHP,,45,,,,,,,,50,55,,,55,50,,50,,,
Thomas Sosa,BAL,,,OF,,40,40,50,45,60,50,,,,,,,,,,,,,
Joshua Liranzo,BAL,,,3B/2B,,40,45,50,50,60,40,,,,,,,,,,,,,
Zach Fruit,BAL,,,RHP,,45,,,,,,,,40,60,,50,55,50,,,,,
Roman Anthony,BOS,1,,OF,High,60,55,60,50,55,55,50,55,,,,,,,,,,,
Kristian Campbell,BOS,2,,2B/SS,Moderate,60,55,60,50,50,55,60,60,,,,,,,,,,,
Marcelo Mayer,BOS,4,,SS,Moderate,55,60,50,50,55,45,55,40,,,,,,,,,,,
Jhostynxon Garcia,BOS,5,,OF,Moderate,50,55,55,50,55,50,60,30,,,,,,,,,,,
Miguel Bleis,BOS,7,,CF,Extreme,50,45,55,55,55,60,40,60,,,,,,,,,,,
Franklin Arias,BOS,8,,SS,High,50,55,45,55,55,60,60,60,,,,,,,,,,,
Luis Perales,BOS,9,,RHP,Extreme,50,,,,,,,,45,60,40,,60,,,50,,,
Yoeilin Cespedes,BOS,11,,2B/SS,High,45,55,50,45,55,50,55,60,,,,,,,,,,,
Yordanny Monegro,BOS,12,,RHP,High,45,,,,,,,,50,55,,50,55,45,,,,,
David Sandlin,BOS,14,,RHP,High,45,,,,,,,,45,55,45,,55,40,,,,,
Payton Tolle,BOS,15,,LHP,High,45,,,,,,,,40,55,,45,50,45,,,,,
Conrad Carson,BOS,16,,SS/RHP,Extreme,40,45,45,50,60,60,30,55,45,60,,,45,45,,,,,
Richard Fitts,BOS,17,,RHP,Moderate,45,,,,,,,,55,50,45,,55,45,,,,,
Allan Castro,BOS,18,,OF,High,40,45,50,55,50,50,40,55,,,,,,,,,,,
Brandon Neely,BOS,19,,RP,High,40,,,,,,,,45,55,,40,50,45,,,,,
Juan Valera,BOS,20,,RHP,High,45,,,,,,,,40,55,,,55,40,,,,,
Connelly Early,BOS,,,LHP,,40,,,,,,,,45,50,45,40,,50,,,,,
Antonio Anderson,BOS,,,3B,,40,40,55,45,55,45,20,40,,,,,,,,,,,
Zach Penrod,BOS,,,LHP,,40,,,,,,,,45,50,,,45,45,,,,,
Frederik Jimenez,BOS,,,1B,,40,50,45,45,55,50,45,40,,,,,,,,,,,
Natanael Yuten,BOS,,,OF,,40,45,40,50,50,50,40,30,,,,,,,,,,,
Johanfran Garcia,BOS,,,C,,40,55,45,40,55,30,40,40,,,,,,,,,,,
Mikey Romero,BOS,,,SS/2B,,40,50,45,50,50,45,40,45,,,,,,,,,,,
Nathan Hickey,BOS,,,C,,40,40,60,40,50,30,30,55,,,,,,,,,,,
Avinson Pinto,BOS,,,SS,,40,55,20,50,50,50,70,50,,,,,,,,,,,
Blaze Jordan,BOS,,,1B,,40,55,50,45,50,40,60,30,,,,,,,,,,,
Zach Ehrhard,BOS,,,OF,,40,55,45,50,55,55,45,70,,,,,,,,,,,
Nazzan Zanetello,BOS,,,SS,,40,30,50,50,55,55,20,30,,,,,,,,,,,
Hunter Dobbins,BOS,,,RHP,,45,,,,,,,,50,55,,50,50,,,50,,,
Jedixson Paez,BOS,,,RHP,,45,,,,,,,,70,40,,,55,55,,,,,
Dalvinson Reyes,BOS,,,RHP,,40,,,,,,,,50,50,,,50,50,,,,,
Nelly Taylor,BOS,,,OF,,40,40,50,55,45,60,30,50,,,,,,,,,,,
Blake Wehunt,BOS,,,RHP,,40,,,,,,,,50,50,,,50,,,55,,,
Carlos Narvaez,BOS,,,C,,40,40,45,50,50,30,30,60,,,,,,,,,,,
Jojo Ingrassia,BOS,,,LHP,,40,,,,,,,,50,50,,,55,60,,,,,
Justin Gonzales,BOS,,,1B,,40,55,55,50,60,30,40,50,,,,,,,,,,,
Luis Guerrero,BOS,,,RP,,40,,,,,,,,50,60,,,50,,,55,,,
Chase DeLauter,CLE,,,RF,,50,55,60,55,60,45,60,45,,,,,,,,,,,
Jaison Chourio,CLE,,,OF,,55,55,40,60,50,60,55,50,,,,,,,,,,,
Welbyn Francisca,CLE,,,SS,,50,60,40,50,50,55,55,70,,,,,,,,,,,
Jonathan Rodriguez,CLE,,,RF,,40,40,60,45,50,40,30,45,,,,,,,,,,,
Khalil Watson,CLE,,,INF/OF,,45,40,40,50,45,55,30,40,,,,,,,,,,,
Ralphy Velazquez,CLE,,,1B/LF,,45,45,55,45,55,30,45,50,,,,,,,,,,,
Austin Peterson,CLE,,,RHP,,45,,,,,,,,50,50,,45,55,55,,,,,
Joey Cantillo,CLE,,,LHP,,45,,,,,,,,40,50,,50,45,55,,,,,
Matt Wilkinson,CLE,,,LHP,,45,,,,,,,,50,45,,,45,55,,,,,
Ryan Webb,CLE,,,LHP,,40,,,,,,,,40,50,,50,45,55,,,,,
Doug Nikhazy,CLE,,,LHP,,45,,,,,,,,40,45,,50,55,50,,,,,
Franco Aleman,CLE,,,RHP,,45,,,,,,,,45,60,,,55,,,,,,
Will Dion,CLE,,,LHP,,40,,,,,,,,45,40,,50,50,50,,,,,
Juan Brito,CLE,,,2B/1B/3B,,45,55,45,45,50,45,55,30,,,,,,,,,,,
Daniel Espino,CLE,,,RHP,,45,,,,,,,,45,70,,55,70,50,,,,,
George Valera,CLE,,,OF,,40,40,50,45,50,50,45,45,,,,,,,,,,,
Alex Mooney,CLE,,,3B/SS,,40,50,45,50,50,55,55,45,,,,,,,,,,,
Justin Campbell,CLE,,,RHP,,40,,,,,,,,45,55,,45,55,55,,,,,
Jacob Zibin,CLE,,,RHP,,40,,,,,,,,40,55,,,50,55,,,,,
Cooper Ingle,CLE,,,C,,50,55,40,55,55,45,60,70,,,,,,,,,,,
Travis Bazzana,CLE,,,2B,,60,60,55,50,45,60,50,60,,,,,,,,,,,
C.J. Kayfus,CLE,,,1B,,50,60,55,40,50,40,70,55,,,,,,,,,,,
Parker Messick,CLE,,,LHP,,45,,,,,,,,50,50,,45,50,55,,,,,
Braylon Doughty,CLE,,,RHP,,50,,,,,,,,50,50,,60,60,45,,,,,
Jacob Cozart,CLE,,,C,,45,45,50,50,55,30,30,40,,,,,,,,,,,
Joey Oakie,CLE,,,RHP,,45,,,,,,,,45,60,,,60,40,,,,,
Rafe Schlesinger,CLE,,,LHP,,40,,,,,,,,45,50,,,50,40,,,,,
Chase Mobley,CLE,,,RHP,,45,,,,,,,,40,60,,45,45,55,,,,,
Angel Genao,CLE,,,SS,,50,60,40,60,55,50,55,45,,,,,,,,,,,
Andrew Walters,CLE,,,RP,,45,,,,,,,,40,70,,,60,,,,,,
Nic Enright,CLE,,,RP,,40,,,,,,,,50,50,,50,55,,,,,,
Dylan DeLucia,CLE,,,RHP,,40,,,,,,,,45,55,,,50,40,,,,,
Robert Arias,CLE,,,OF,,45,55,40,55,60,55,70,50,,,,,,,,,,,
Alfonsin Rosario,CLE,,,OF,,45,45,60,50,55,50,30,40,,,,,,,,,,,
Luis Merejo,CLE,,,1B,,45,55,50,40,50,40,40,45,,,,,,,,,,,
Josh Hartle,CLE,,,LHP,,40,,,,,,,,45,45,50,55,,45,,,,,
Michael Kennedy,CLE,,,LHP,,45,,,,,,,,50,45,,,55,55,,,,,
Eric Sabrowski,CLE,,,RP,,45,,,,,,,,40,60,,50,55,,,,,,
Juneiker Caceras,CLE,,,OF,,45,55,50,45,50,45,55,50,,,,,,,,,,,
Petey Halpin,CLE,,,CF,,40,45,40,55,50,70,50,50,,,,,,,,,,,
Gabriel Rodriguez,CLE,,,SS,,45,55,40,55,50,45,55,60,,,,,,,,,,,
Kyle Teel,CWS,,,C,,55,55,55,55,50,50,45,55,,,,,,,,,,,
Braden Montgomery,CWS,,,OF,,50,50,60,50,70,50,50,55,,,,,,,,,,,
Chase Meidroth,CWS,,,SS/3B,,50,70,40,45,45,45,60,70,,,,,,,,,,,
Wikelman Gonzalez,CWS,,,RHP,,45,,,,,,,,40,55,40,60,,50,,,,,
Mason Adams,CWS,,,RHP,,45,,,,,,,,50,50,,55,55,50,,,,,
Jairo Iriarte,CWS,,,RHP,,45,,,,,,,,45,55,,,55,50,,,,,
Jeral Perez,CWS,,,2B/SS,,40,40,45,50,50,45,35,55,,,,,,,,,,,
Samuel Zavala,CWS,,,OF,,40,35,35,55,50,50,40,60,,,,,,,,,,,
Wilfred Veras,CWS,,,OF,,40,40,45,45,50,50,40,30,,,,,,,,,,,
Sam Antonacci,CWS,,,2B/3B,,45,55,40,50,50,55,60,55,,,,,,,,,,,
Jake Eder,CWS,,,LHP,,40,,,,,,,,40,50,40,,60,45,,,,,
Hagen Smith,CWS,,,LHP,,55,,,,,,,,50,70,,,70,,,50,,,
Caleb Bonemer,CWS,,,SS/3B,,45,45,55,50,55,45,30,50,,,,,,,,,,,
Shane Smith,CWS,,,RHP,,45,,,,,,,,45,55,,50,55,,,,,,
Blake Larson,CWS,,,LHP,,40,,,,,,,,40,55,,,55,45,,,,,
Nick McLain,CWS,,,OF,,40,50,40,50,50,45,45,60,,,,,,,,,,,
Rikuu Nishida,CWS,,,OF,,45,70,20,50,45,60,70,50,,,,,,,,,,,
Edgar Quero,CWS,,,C,,50,55,50,45,50,40,50,50,,,,,,,,,,,
Ky Bush,CWS,,,LHP,,45,,,,,,,,45,45,,50,55,45,,,,,
Bryan Ramos,CWS,,,3B,,40,40,50,45,45,50,30,55,,,,,,,,,,,
William Bergolla,CWS,,,2B,,40,60,30,50,45,55,70,30,,,,,,,,,,,
Casey Saucke,CWS,,,OF,,40,45,50,50,60,50,50,40,,,,,,,,,,,
Jacob Gonzalez,CWS,,,SS,,40,50,30,50,55,40,45,50,,,,,,,,,,,
Noah Schultz,CWS,,,LHP,,60,,,,,,,,55,60,,,70,50,,,,,
Colson Montgomery,CWS,,,SS,,50,50,60,45,55,45,35,45,,,,,,,,,,,
George Wolkow,CWS,,,OF,,40,30,60,50,55,45,20,50,,,,,,,,,,,
Nick Nastrini,CWS,,,RHP,,45,,,,,,,,40,55,,45,60,55,,,,,
Grant Taylor,CWS,,,RHP,,55,,,,,,,,55,60,55,50,60,60,,,,,
Aldrin Batista,CWS,,,RHP,,45,,,,,,,,45,55,,,50,40,,,,,
Alexander Albertus,CWS,,,3B,,40,50,30,50,50,45,65,60,,,,,,,,,,,
Peyton Pallette,CWS,,,RP,,40,,,,,,,,45,50,,60,,,,,,,
Sean Burke,CWS,,,RHP,,50,,,,,,,,50,60,,50,55,50,,,,,
Tanner McDougal,CWS,,,RHP,,40,,,,,,,,40,55,,55,45,45,,,,,
Javier Mogollon,CWS,,,2B,,40,40,45,50,50,55,30,40,,,,,,,,,,,
Juan Carela,CWS,,,RHP,,40,,,,,,,,50,50,50,,55,50,,,,,
Tyler Schwietzer,CWS,,,LHP,,40,,,,,,,,50,45,,50,50,45,,,,,
Eric Adler,CWS,,,RP,,40,,,,,,,,40,60,,55,55,,,,,,
Jace Jung,DET,,,3B/2B,,45,50,55,45,50,45,40,45,,,,,,,,,,,
Kevin McGonigle,DET,,,SS,,55,60,45,50,50,55,70,50,,,,,,,,,,,
Joseph Montalvo,DET,,,RHP,,45,,,,,,,,50,50,,,55,55,,,,,
Josh Randall,DET,,,RHP,,45,,,,,,,,45,55,,,50,55,,,,,
Hao-Yu Lee,DET,,,2B,,45,50,45,50,50,45,50,60,,,,,,,,,,,
Eddys Leonard,DET,,,2B,,40,40,40,50,50,45,30,45,,,,,,,,,,,
Andrew Navigato,DET,,,SS,,40,40,45,50,50,45,30,50,,,,,,,,,,,
Max Anderson,DET,,,2B,,45,50,40,50,50,40,60,45,,,,,,,,,,,
Lael Lockhart,DET,,,RHP,,40,,,,,,,,45,45,,55,50,,,60,,,
Luke Gold,DET,,,1B,,40,40,50,45,50,40,40,45,,,,,,,,,,,
Bryce Rainer,DET,,,SS,,50,50,60,55,60,50,45,50,,,,,,,,,,,
Owen Hall,DET,,,RHP,,45,,,,,,,,45,60,,50,55,,,45,,,
Ethan Schiefelbein,DET,,,LHP,,45,,,,,,,,50,55,,55,,45,,,,,
Michael Massey,DET,,,RHP,,40,,,,,,,,40,60,,45,55,40,,,,,
Eliezer Alfonzo,DET,,,C,,40,55,40,45,45,40,55,50,,,,,,,,,,,
Jackson Jobe,DET,,,RHP,,60,,,,,,,,55,60,60,50,70,60,,,,,
Thayron Liranzo,DET,,,C,,50,50,55,45,60,30,55,70,,,,,,,,,,,
Enrique Jimenez,DET,,,C,,45,50,45,50,55,20,40,50,,,,,,,,,,,
Nestor Miranda,DET,,,3B,,45,40,55,50,55,45,40,60,,,,,,,,,,,
Rayner Castillo,DET,,,RHP,,45,,,,,,,,55,55,,,50,45,,,,,
Troy Melton,DET,,,RHP,,45,,,,,,,,55,55,50,,50,50,,,,,
Max Clark,DET,,,CF,,55,60,50,60,55,70,55,50,,,,,,,,,,,
Josue Briceno,DET,,,C/1B,,50,45,60,45,55,40,60,55,,,,,,,,,,,
Ty Madden,DET,,,RHP,,45,,,,,,,,50,55,50,,45,,,50,,,
Dillon Dingler,DET,,,C,,45,40,50,60,70,55,50,45,,,,,,,,,,,
Trey Sweeney,DET,,,SS,,45,40,45,60,45,60,50,30,,,,,,,,,,,
Jaden Hamm,DET,,,RHP,,45,,,,,,,,55,60,60,,40,40,,,,,
Roberto Campos,DET,,,OF,,45,45,55,45,55,50,30,50,,,,,,,,,,,
Brant Hurter,DET,,,LHP,,45,,,,,,,,60,45,,,60,55,,,,,
Franyerber Montilla,DET,,,SS,,45,55,40,55,55,60,55,40,,,,,,,,,,,
Tyler Mattison,DET,,,RHP,,45,,,,,,,,50,60,,55,,40,,,,,
Carson Rucker,DET,,,3B,,40,45,55,45,55,55,40,50,,,,,,,,,,,
Brenan Hanifee,DET,,,RHP,,40,,,,,,,,55,50,,,50,45,,,,,
Tyler Owens,DET,,,RHP,,45,,,,,,,,60,60,,,60,,,45,,,
Justice Bigbie,DET,,,LF,,40,45,45,45,45,50,30,50,,,,,,,,,,,
Chase Lee,DET,,,RHP,,40,,,,,,,,60,45,,,60,,,,,,
Zach Swanson,DET,,,RHP,,40,,,,,,,,45,55,,,55,40,,,,,
Miguel Ullola,HOU,,,RHP,,45,,,,,,,,40,70,,45,55,50,,,,,
Ethan Pecko,HOU,,,RHP,,45,,,,,,,,50,55,55,45,50,45,,,,,
Zach Cole,HOU,,,OF,,40,30,50,60,70,60,25,55,,,,,,,,,,,
Anderson Brito,HOU,,,RHP,,45,,,,,,,,45,60,40,,50,40,,,,,
Cam Smith,HOU,,,3B,,55,55,60,50,55,45,50,55,,,,,,,,,,,
Jacob Melton,HOU,,,OF,,50,45,55,55,55,60,45,50,,,,,,,,,,,
Walker Janek,HOU,,,C,,45,50,50,55,60,40,45,60,,,,,,,,,,,
Ryan Forcucci,HOU,,,SP,,45,,,,,,,,50,60,,45,55,50,,,,,
Brice Matthews,HOU,,,SS/3B,,45,40,50,50,55,55,30,60,,,,,,,,,,,
AJ Blubaugh,HOU,,,RHP,,45,,,,,,,,40,55,45,45,50,50,,,,,
Parker Smith,HOU,,,RHP,,40,,,,,,,,50,45,,,50,55,,,,,
Chase Jaworsky,HOU,,,SS,,45,50,40,55,50,55,40,45,,,,,,,,,,,
Zach Dezenzo,HOU,,,3B/1B,,50,55,55,40,55,45,30,55,,,,,,,,,,,
Shay Whitcomb,HOU,,,SS/OF,,45,50,55,45,50,50,40,60,,,,,,,,,,,
Luis Baez,HOU,,,OF,,45,40,55,40,55,40,30,30,,,,,,,,,,,
Ryan Gusto,HOU,,,RHP,,40,,,,,,,,55,45,,45,50,55,,,,,
Joseph Sullivan,HOU,,,OF,,45,55,40,55,55,60,55,60,,,,,,,,,,,
Jackson Nezuh,HOU,,,RHP,,40,,,,,,,,50,50,45,40,45,55,,,,,
Pedro Leon,HOU,,,OF,,40,30,60,45,55,60,20,45,,,,,,,,,,,
Colton Gordon,HOU,,,LHP,,40,,,,,,,,50,40,40,45,50,40,,,,,
Jose Fleury,HOU,,,RHP,,45,,,,,,,,55,45,,45,45,60,,,,,
Alonzo Tredwell,HOU,,,RHP,,40,,,,,,,,40,55,,55,45,40,,,,,
James Hicks,HOU,,,RHP,,45,,,,,,,,55,50,40,50,40,45,,,,,
Kenedy Corona,HOU,,,OF,,40,40,45,60,50,60,40,35,,,,,,,,,,,
Andrew Taylor,HOU,,,RHP,,45,,,,,,,,50,50,50,40,,45,,,,,
Michael Knorr,HOU,,,RHP,,40,,,,,,,,45,50,,45,50,45,,,,,
Caden Powell,HOU,,,SS,,40,30,55,40,60,45,25,25,,,,,,,,,,,
Jancel Villarroel,HOU,,,C,,40,45,50,40,45,45,45,55,,,,,,,,,,,
Cole Hertzler,HOU,,,RHP,,40,,,,,,,,50,55,,40,45,50,,,,,
David Shields,KC,,,LHP,,45,,,,,,,,50,50,,,55,50,,,,,
Blake Mitchell,KC,,,C,,50,45,60,55,70,50,25,65,,,,,,,,,,,
Ramon Ramirez,KC,,,C,,50,55,55,50,60,30,50,55,,,,,,,,,,,
Javier Vaz,KC,,,2B/OF,,45,50,30,50,40,60,65,60,,,,,,,,,,,
Ben Kudrna,KC,,,RHP,,50,,,,,,,,45,55,,,45,55,,,,,
Hiro Wyatt,KC,,,RHP,,45,,,,,,,,45,60,,,60,45,,,,,
Frank Mozzicato,KC,,,LHP,,40,,,,,,,,40,45,,60,,50,,,,,
Noah Cameron,KC,,,LHP,,45,,,,,,,,55,45,50,50,,60,,,,,
Steven Zobac,KC,,,RHP,,45,,,,,,,,60,55,,,55,45,,,,,
Drew Beam,KC,,,RHP,,45,,,,,,,,55,50,50,50,,60,,,,,
Jac Caglianone,KC,,,1B/LHP,,55,50,70,50,45,50,30,45,40,60,50,,50,55,,,,,
Jhonayker Ugarte,KC,,,SS,,45,50,55,45,50,45,40,45,,,,,,,,,,,
Carson Roccaforte,KC,,,OF,,40,45,45,55,50,55,40,55,,,,,,,,,,,
Asbel Gonzalez,KC,,,OF,,40,50,20,55,50,55,45,55,,,,,,,,,,,
Blake Wolters,KC,,,RHP,,50,,,,,,,,45,55,,,55,45,,,,,
Yandel Ricardo,KC,,,SS,,40,40,50,55,50,50,55,40,,,,,,,,,,,
Austin Charles,KC,,,SS,,40,30,50,50,50,55,25,55,,,,,,,,,,,
Spencer Nivens,KC,,,OF,,40,40,45,50,50,45,30,50,,,,,,,,,,,
Hyungcham Um,KC,,,C,,40,40,50,50,55,30,55,40,,,,,,,,,,,
Evan Sisk,KC,,,RP,,40,,,,,,,,40,50,45,,55,,,,,,
Chandler Champlain,KC,,,RHP,,45,,,,,,,,50,55,,55,50,50,,,,,
Luinder Avila,KC,,,RHP,,45,,,,,,,,40,50,,50,50,45,,,,,
Louis-Philippe Langevin,KC,,,RHP,,40,,,,,,,,45,70,,,45,45,,,,,
Eric Cerantola,KC,,,RHP,,40,,,,,,,,30,55,,60,60,,,,,,
Felix Arronde,KC,,,RHP,,40,,,,,,,,45,45,,40,45,60,,,,,
Gavin Cross,KC,,,OF,,45,45,55,50,50,55,40,55,,,,,,,,,,,
Kyle DeGroat,KC,,,RHP,,40,,,,,,,,45,55,,55,,45,,,,,
Carter Jensen,KC,,,C,,50,45,60,45,55,40,60,45,,,,,,,,,,,
Daniel Vazquez,KC,,,SS,,40,40,30,60,60,55,50,55,,,,,,,,,,,
Emmanuel Reyes,KC,,,RHP,,40,,,,,,,,60,55,,50,,45,,,,,
Yeri Perez,KC,,,RHP,,40,,,,,,,,40,60,,,55,,,,,,
Hunter Owen,KC,,,LHP,,40,,,,,,,,50,50,,40,55,45,,,,,
George Klassen,LAA,,,RHP,,50,,,,,,,,50,60,,55,60,30,,,,,
Nelson Rada,LAA,,,OF,,50,50,30,60,50,60,55,45,,,,,,,,,,,
Caden Dana,LAA,,,RHP,,50,,,,,,,,55,55,,45,60,45,,,,,
Christian Moore,LAA,,,2B,,55,40,60,45,45,50,,,,,,,,,,,,,
Ryan Johnson,LAA,,,RHP,,50,,,,,,,,55,55,55,,60,45,,,,,
Chris Cortez,LAA,,,RP,,50,,,,,,,,30,70,,,60,45,,,,,
Trey Gregory-Alford,LAA,,,RHP,,45,,,,,,,,40,60,,,55,45,,,,,
Sam Bachman,LAA,,,RP,,40,,,,,,,,45,55,,,55,45,,,,,
Matthew Lugo,LAA,,,OF,,40,40,50,45,50,55,40,55,,,,,,,,,,,
Dario Laverde,LAA,,,C,,40,50,40,40,50,40,55,50,,,,,,,,,,,
Walbert Urena,LAA,,,RHP,,40,,,,,,,,30,60,,,45,45,,,,,
Samuel Aldegheri,LAA,,,LHP,,50,,,,,,,,50,45,,50,55,50,,,,,
Joswa Lugo,LAA,,,SS,,45,45,55,50,55,50,45,40,,,,,,,,,,,
Juan Flores,LAA,,,C,,45,40,40,55,60,30,30,40,,,,,,,,,,,
Ryan Zeferjahn,LAA,,,RP,,45,,,,,,,,40,55,55,,50,,,,,,
Walker Jenkins,MIN,,,OF,,55,55,50,50,60,45,65,65,,,,,,,,,,,
Dylan Questad,MIN,,,RHP,,40,,,,,,,,40,55,,45,45,50,,,,,
Brandon Winokur,MIN,,,SS,,45,45,60,50,55,55,25,30,,,,,,,,,,,
Yasser Mercedes,MIN,,,OF,,45,45,55,45,60,50,45,40,,,,,,,,,,,
Cesar Lares,MIN,,,RP,,40,,,,,,,,50,45,,55,50,50,,,,,
Charlee Soto,MIN,,,RHP,,45,,,,,,,,45,55,,,45,55,,,,,
Tanner Schobel,MIN,,,2B/3B,,40,55,40,45,45,55,40,40,,,,,,,,,,,
Gabriel Gonzalez,MIN,,,OF,,45,55,40,55,50,50,50,45,,,,,,,,,,,
Emmanuel Rodriguez,MIN,,,OF,,55,40,60,55,60,55,40,80,,,,,,,,,,,
Luke Keaschall,MIN,,,2B,,50,50,50,50,45,55,60,50,,,,,,,,,,,
Kaelen Culpepper,MIN,,,SS,,50,50,45,50,60,55,70,40,,,,,,,,,,,
Kyle DeBarge,MIN,,,SS/2B,,45,55,40,50,50,55,55,55,,,,,,,,,,,
Billy Amick,MIN,,,3B,,45,45,55,45,50,40,30,35,,,,,,,,,,,
Andrew Morris,MIN,,,RHP,,45,,,,,,,,50,55,45,50,55,45,,,,,
Marco Raya,MIN,,,RHP,,45,,,,,,,,50,50,45,55,50,45,,,,,
Cory Lewis,MIN,,,RHP,,45,,,,,,,,45,50,,45,50,45,,,,55,
C.J. Culpepper,MIN,,,RHP,,45,,,,,,,,50,50,50,45,55,45,,,,,
Connor Prielipp,MIN,,,LHP,,50,,,,,,,,50,55,,,60,55,,,,,
Dasan Hill,MIN,,,LHP,,50,,,,,,,,50,55,,,60,50,,,,,
Rayne Doncon,MIN,,,3B,,50,50,55,45,55,45,45,45,,,,,,,,,,,
Kala'i Rosario,MIN,,,OF,,40,35,55,45,45,45,35,40,,,,,,,,,,,
Payton Eeles,MIN,,,2B,,45,55,45,50,50,55,60,60,,,,,,,,,,,
Jair Camargo,MIN,,,C,,40,30,55,50,60,35,30,45,,,,,,,,,,,
Khadim Diaw,MIN,,,C/OF,,40,50,40,45,55,50,55,30,,,,,,,,,,,
Matt Canterino,MIN,,,RHP,,45,,,,,,,,45,60,,50,60,55,,,,,
Darren Bowen,MIN,,,RHP,,40,,,,,,,,40,55,,,50,45,,,,,
Danny De Andrade,MIN,,,SS,,45,50,45,50,50,50,60,40,,,,,,,,,,,
Dameury Pena,MIN,,,SS/3B,,45,60,40,40,45,45,60,50,,,,,,,,,,,
Eduardo Beltre,MIN,,,OF,,45,50,60,50,55,45,45,40,,,,,,,,,,,
Diego Cartaya,MIN,,,C,,45,30,50,45,55,40,30,35,,,,,,,,,,,
Travis Adams,MIN,,,RHP,,40,,,,,,,,50,50,55,,50,50,,,,,
Eiberson Castellano,MIN,,,RHP,,45,,,,,,,,60,60,,55,,60,,,,,
Jasson Dominguez,NYY,1,54,LF,Extreme,55,50,60,45,55,55,45,60,,,,,,,,,,,
George Lombard Jr.,NYY,2,,SS,Extreme,50,55,50,50,55,50,60,50,,,,,,,,,,,
Spencer Jones,NYY,3,,CF,Extreme,50,30,60,45,50,55,20,45,,,,,,,,,,,
Chase Hampton,NYY,4,,RHP,High,50,,,,,,,,50,55,50,60,50,45,,,,,
Ben Hess,NYY,5,,RHP,High,50,,,,,,,,45,60,,60,55,45,,,,,
Will Warren,NYY,6,,RHP,Low,45,,,,,,,,45,55,55,,60,50,,,,,
Sabier Marte,NYY,7,,RHP,Extreme,45,,,,,,,,55,55,,,45,55,,,,,
Bryce Cunningham,NYY,8,,RHP,High,45,,,,,,,,45,55,,,50,55,,,,,
Cade Smith,NYY,9,,RHP,High,45,,,,,,,,45,55,,40,55,30,,,,,
Enmanuel Tejeda,NYY,10,,INF,High,45,55,40,55,45,60,55,50,,,,,,,,,,,
Edgleen Perez,NYY,11,,C,Extreme,45,50,40,50,55,45,40,45,,,,,,,,,,,
Thatcher Hurd,NYY,12,,RHP,High,45,,,,,,,,45,55,50,50,60,,,,,,
Roderick Arias,NYY,13,,SS,High,45,40,50,50,60,55,20,40,,,,,,,,,,,
Francisco Vilorio,NYY,14,,OF,Extreme,45,40,55,55,60,50,30,40,,,,,,,,,,,
Gage Ziehl,NYY,15,,RHP,High,45,,,,,,,,50,50,,,55,50,,,,,
Jorbit Vivas,NYY,16,,2B,Moderate,45,50,40,50,45,45,60,40,,,,,,,,,,,
Rafael Flores,NYY,17,,C/1B,High,40,40,60,40,50,20,40,45,,,,,,,,,,,
Omar Martinez,NYY,18,,C/1B,High,40,50,55,40,50,30,50,60,,,,,,,,,,,
Carlos Lagrange,NYY,19,,RHP,Extreme,40,,,,,,,,30,60,,40,55,,,,,,
Clayton Beeter,NYY,20,,RP,Moderate,40,,,,,,,,40,50,,,55,45,,,,,
Everson Pereira,NYY,,,OF,,40,30,55,50,50,55,30,35,,,,,,,,,,,
Engelth Urena,NYY,,,C,,40,45,55,45,55,40,40,45,,,,,,,,,,,
Yoendrys Gomez,NYY,,,RHP,,40,,,,,,,,40,50,,45,50,40,,,,,
Brando Mayea,NYY,,,CF,,40,40,45,50,55,55,55,50,,,,,,,,,,,
Greysen Carter,NYY,,,RP,,40,,,,,,,,30,70,,40,40,45,,,,,
Zach Messinger,NYY,,,RHP,,40,,,,,,,,50,50,,50,60,40,,,,,
Griffin Herring,NYY,,,RP,,40,,,,,,,,45,50,,,55,40,,,,,
Trystan Vrieling,NYY,,,RHP,,40,,,,,,,,55,50,,50,55,40,,,,,
Roc Riggio,NYY,,,2B,,40,40,50,50,45,45,45,45,,,,,,,,,,,
Jace Avina,NYY,,,CF,,40,40,55,55,55,50,40,50,,,,,,,,,,,
Willy Montero,NYY,,,RF,,40,40,45,50,55,50,35,50,,,,,,,,,,,
Jackson Castillo,NYY,,,CF,,40,50,30,55,50,55,60,55,,,,,,,,,,,
Luis Serna,NYY,,,RHP,,40,,,,,,,,60,40,,45,50,60,,,,,
Jesus Rodriguez,NYY,,,C/3B,,40,55,50,30,60,30,40,55,,,,,,,,,,,
Josh Grosz,NYY,,,RHP,,40,,,,,,,,50,50,,,55,45,,,,,
Queni Pineda,NYY,,,C,,40,40,50,50,55,30,30,40,,,,,,,,,,,
Brock Selvidge,NYY,,,LHP,,40,,,,,,,,50,45,50,,55,45,,,,,
Kyle Carr,NYY,,,LHP,,40,,,,,,,,45,45,,,50,45,,,,,
Cam Schlittler,NYY,,,RHP,,40,,,,,,,,45,55,,45,55,40,,,,,
Dylan Jasso,NYY,,,1B,,40,40,50,50,45,45,20,35,,,,,,,,,,,
Brian Sanchez,NYY,,,OF,,40,50,40,50,55,50,40,55,,,,,,,,,,,
Elmer Rodriguez-Cruz,NYY,,,RHP,,50,,,,,,,,45,55,,45,55,45,,,,,
Nick Kurtz,OAK,,,1B,,55,60,70,55,50,40,50,60,,,,,,,,,,,
Tommy White,OAK,,,3B/1B,,45,45,55,45,50,30,30,50,,,,,,,,,,,
Jacob Wilson,OAK,,,SS,,55,70,50,50,55,50,70,30,,,,,,,,,,,
Jack Perkins,OAK,,,RHP,,50,,,,,,,,40,60,50,45,60,40,,,,,
Luis Morales,OAK,,,RHP,,50,,,,,,,,40,60,,45,55,60,,,,,
Joshua Kuroda-Grauer,OAK,,,SS,,45,55,30,50,50,55,60,50,,,,,,,,,,,
Grant Holman,OAK,,,RHP,,40,,,,,,,,40,50,,,45,55,,,,,
Rodney Green,OAK,,,OF,,45,40,55,55,55,60,25,50,,,,,,,,,,,
Sam Stuhr,OAK,,,RHP,,40,,,,,,,,40,55,,50,50,40,,,,,
Colby Thomas,OAK,,,OF,,50,40,60,55,60,55,40,30,,,,,,,,,,,
Denzel Clarke,OAK,,,OF,,50,40,60,60,50,60,40,60,,,,,,,,,,,
Myles Naylor,OAK,,,INF/OF,,40,40,50,40,50,50,20,30,,,,,,,,,,,
Daniel Susac,OAK,,,C,,40,40,50,45,50,30,50,30,,,,,,,,,,,
Max Muncy,OAK,,,INF,,50,40,55,50,60,50,30,45,,,,,,,,,,,
Mason Barnett,OAK,,,RHP,,50,,,,,,,,50,60,,45,60,50,,,,,
Henry Bolte,OAK,,,OF,,50,40,60,55,60,60,25,65,,,,,,,,,,,
J.T. Ginn,OAK,,,RHP,,45,,,,,,,,55,55,,,55,50,,,,,
Steven Echavarria,OAK,,,RHP,,45,,,,,,,,40,55,,50,55,50,,,,,
Gunnar Hoglund,OAK,,,RHP,,40,,,,,,,,55,50,50,,55,50,,,,,
Darell Hernaiz,OAK,,,3B/SS,,40,50,40,50,45,50,40,40,,,,,,,,,,,
Gage Jump,OAK,,,LHP,,45,,,,,,,,40,60,,60,55,45,,,,,
Kade Morris,OAK,,,RHP,,45,,,,,,,,55,50,,45,50,50,,,,,
Brett Harris,OAK,,,3B,,45,50,50,55,50,45,60,50,,,,,,,,,,,
Will Johnston,OAK,,,LHP,,40,,,,,,,,50,50,,,45,55,,,,,
Chen Zhong-Ao Zhuang,OAK,,,RHP,,45,,,,,,,,60,55,,50,50,55,,45,,,
Brady Basso,OAK,,,LHP,,40,,,,,,,,55,45,50,50,,45,,,,,
Ryan Cusick,OAK,,,RHP,,40,,,,,,,,40,60,45,,55,,,,,,
Nate Nankil,OAK,,,OF,,40,45,45,50,55,40,55,65,,,,,,,,,,,
Cole Miller,OAK,,,RHP,,40,,,,,,,,45,55,,,50,45,,,,,
Juan Nunez,SD,,,RHP,,45,,,,,,,,45,55,,,55,60,,,,,
Lazaro Montes,SEA,,,OF,,50,40,70,40,70,40,40,45,,,,,,,,,,,
Harry Ford,SEA,,,C,,50,50,45,50,45,60,55,60,,,,,,,,,,,
Michael Arroyo,SEA,,,2B/SS,,50,60,50,45,50,40,50,55,,,,,,,,,,,
Felnin Celesten,SEA,,,SS,,55,55,60,50,60,60,55,55,,,,,,,,,,,
Jonny Farmelo,SEA,,,OF,,50,55,50,60,55,70,50,60,,,,,,,,,,,
Cole Young,SEA,,,SS/2B,,50,60,40,50,50,50,65,60,,,,,,,,,,,
Colt Emerson,SEA,,,SS,,60,60,55,50,55,50,65,65,,,,,,,,,,,
Tyler Locklear,SEA,,,1B,,45,45,55,50,50,30,45,45,,,,,,,,,,,
Josh Caron,SEA,,,C,,45,50,55,50,45,40,45,45,,,,,,,,,,,
Hunter Cranton,SEA,,,RHP,,40,,,,,,,,40,60,,,50,,,,,,
Ryan Bliss,SEA,,,2B,,50,45,40,55,50,70,50,55,,,,,,,,,,,
Ben Williamson,SEA,,,3B,,45,55,45,60,55,45,55,50,,,,,,,,,,,
Jurrangelo Cijntje,SEA,,,SWP,,50,,,,,,,,45,60,55,,50,50,,,,,
Brandyn Garcia,SEA,,,LHP,,45,,,,,,,,45,55,55,,60,40,,,,,
Teddy McGraw,SEA,,,RHP,,50,,,,,,,,50,60,,,70,55,,,,,
Grant Knipp,SEA,,,C/RP,,40,35,60,40,70,40,30,50,50,55,,,50,,,,,,
Tyler Gough,SEA,,,RHP,,40,,,,,,,,45,50,,,50,60,,,,,
Brock Rodden,SEA,,,INF,,40,45,40,55,50,55,30,45,,,,,,,,,,,
Ryan Sloan,SEA,,,RHP,,50,,,,,,,,50,60,,,60,55,,,,,
Michael Morales,SEA,,,RHP,,45,,,,,,,,50,45,,50,40,55,,,,,
Logan Evans,SEA,,,RHP,,50,,,,,,,,50,50,,45,55,50,,,,,
Tai Peete,SEA,,,CF,,45,40,50,55,50,60,30,40,,,,,,,,,,,
Osleivis Basabe,SF,,,SS,,40,40,30,55,55,60,55,30,,,,,,,,,,,
JJ Wetherholt,STL,,,SS/2B,,55,60,55,45,50,50,60,55,,,,,,,,,,,
Quinn Mathews,STL,,,LHP,,55,,,,,,,,60,60,,45,55,60,,,,,
Tink Hence,STL,,,RHP,,55,,,,,,,,55,60,,50,55,60,,,,,
Jimmy Crooks,STL,,,C,,50,55,50,55,45,30,45,55,,,,,,,,,,,
Yairo Padilla,STL,,,SS,,50,55,45,60,60,70,55,60,,,,,,,,,,,
Tekoah Roby,STL,,,RHP,,50,,,,,,,,55,60,,55,50,55,,,,,
Thomas Saggese,STL,,,2B/3B,,45,55,50,45,45,45,50,40,,,,,,,,,,,
Cooper Hjerpe,STL,,,LHP,,45,,,,,,,,50,55,55,50,,55,,,,,
Chase Davis,STL,,,CF,,45,45,55,45,55,50,35,60,,,,,,,,,,,
Michael McGreevy,STL,,,RHP,,45,,,,,,,,50,45,50,45,55,45,,,,,
Rainiel Rodriguez,STL,,,C,,45,55,50,40,40,30,50,60,,,,,,,,,,,
Chen-Wei Lin,STL,,,RHP,,45,,,,,,,,40,60,,,45,55,,,,,
Brian Holiday,STL,,,RHP,,45,,,,,,,,50,50,,50,55,40,,,,,
Leonardo Bernal,STL,,,C,,45,55,40,50,55,30,50,55,,,,,,,,,,,
Gordon Graceffo,STL,,,RHP,,45,,,,,,,,50,50,,50,50,50,,,,,
Ixan Henderson,STL,,,LHP,,45,,,,,,,,50,50,,45,50,45,,,,,
Nathan Church,STL,,,OF,,45,45,40,60,70,70,60,50,,,,,,,,,,,
Matt Koperniak,STL,,,OF,,40,50,45,55,50,55,55,45,,,,,,,,,,,
Sem Robberse,STL,,,RHP,,40,,,,,,,,50,45,45,,55,55,,,,,
Branneli Franco,STL,,,RHP,,40,,,,,,,,40,60,,,55,40,,,,,
Carson Williams,TB,1,,SS,Extreme,60,40,60,60,70,60,30,55,,,,,,,,,,,
Xavier Isaac,TB,2,,1B,Moderate,50,45,55,40,50,40,30,55,,,,,,,,,,,
Santiago Suarez,TB,3,,RHP,Extreme,50,,,,,,,,60,60,55,,55,50,,,,,
Aidan Smith,TB,4,,OF,High,50,55,50,50,55,60,60,60,,,,,,,,,,,
Chandler Simpson,TB,5,,CF,Moderate,50,60,30,60,40,80,70,35,,,,,,,,,,,
Tre' Morgan,TB,6,,1B,Moderate,50,55,40,70,45,50,70,60,,,,,,,,,,,
Brody Hopkins,TB,7,,RHP,High,50,,,,,,,,50,60,,,60,40,,,,,
Brayden Taylor,TB,8,,SS/3B,High,50,45,55,55,50,50,45,50,,,,,,,,,,,
Brailer Guerrero,TB,9,,OF,Extreme,50,45,60,50,50,55,45,50,,,,,,,,,,,
Theo Gillen,TB,10,,SS/OF,High,50,55,55,50,45,60,40,60,,,,,,,,,,,
Gary Gill Hill,TB,11,,RHP,Moderate,50,,,,,,,,50,55,45,,55,50,,,,,
Yoniel Curet,TB,12,,RHP,Extreme,50,,,,,,,,45,70,,,60,,,,,,
Ty Johnson,TB,13,,RHP,High,50,,,,,,,,45,70,,,55,,,,,,
Dylan Lesko,TB,14,,RHP,High,45,,,,,,,,40,60,,55,45,60,,,,,
Hunter Bigge,TB,15,,RP,Moderate,45,,,,,,,,45,70,,50,55,,,,,,
Mac Horvath,TB,16,,3B/OF,Moderate,45,45,55,50,55,50,45,50,,,,,,,,,,,
Jackson Baumeister,TB,17,,RHP,High,45,,,,,,,,45,55,,50,45,40,,,,,
Trevor Harrison,TB,18,,RHP,High,50,,,,,,,,50,55,,,50,50,,,,,
Gregory Barrios,TB,19,,SS,Moderate,45,50,30,60,55,55,60,30,,,,,,,,,,,
Dominic Keegan,TB,20,,C/1B,Moderate,45,50,45,45,50,30,55,55,,,,,,,,,,,
Austin Shenton,TB,,,1B,,40,40,55,45,50,40,30,60,,,,,,,,,,,
Jose Urbina,TB,,,RHP,,45,,,,,,,,45,60,,,55,50,,,,,
Joe Rock,TB,,,LHP,,45,,,,,,,,45,50,,,50,50,,,,,
Trevor Martin,TB,,,RHP,,40,,,,,,,,40,50,,40,45,45,,,,,
Mason Montgomery,TB,,,RP,,45,,,,,,,,50,70,,,60,,,,,,
Adrian Santana,TB,,,SS/3B,,45,40,30,60,60,60,60,40,,,,,,,,,,,
J.D. Gonzalez,TB,,,C,,40,40,40,55,60,40,40,30,,,,,,,,,,,
Emilien Pitre,TB,,,2B,,40,50,30,50,50,55,60,55,,,,,,,,,,,
Colton Ledbetter,TB,,,OF,,45,40,50,50,50,55,40,45,,,,,,,,,,,
Nathan Flewwelling,TB,,,C,,40,45,55,45,45,40,40,60,,,,,,,,,,,
Matthew Etzel,TB,,,OF,,45,50,40,50,50,60,55,45,,,,,,,,,,,
Kameron Misner,TB,,,OF,,40,30,50,50,60,60,40,40,,,,,,,,,,,
Ian Symour,TB,,,LHP,,45,,,,,,,,50,50,,40,45,70,,,,,
Homer Bush Jr.,TB,,,CF,,45,40,30,60,60,80,55,45,,,,,,,,,,,
Janzen Keisel,TB,,,RHP,,40,,,,,,,,40,60,,,45,50,,,,,
Cooper Kinney,TB,,,2B/SS,,45,55,45,45,45,40,50,45,,,,,,,,,,,
Will Simpson,TB,,,1B,,40,50,60,45,40,30,45,60,,,,,,,,,,,
Owen Wild,TB,,,RHP,,40,,,,,,,,50,55,,,50,50,,,,,
Mike Vasil,CWS,,,RHP,,40,,,,,,,,50,40,50,50,,40,,,,,
Gleider Figuereo,TEX,,,INF,,40,40,50,45,60,40,40,45,,,,,,,,,,,
Sebastian Walcott,TEX,,,SS,,60,45,60,55,60,60,35,50,,,,,,,,,,,
Kumar Rocker,TEX,,,RHP,,60,,,,,,,,55,55,45,,70,40,,,,,
Emiliano Teodo,TEX,,,RHP,,50,,,,,,,,40,70,,,60,45,,,,,
Jack Leiter,TEX,,,RHP,,45,,,,,,,,40,60,40,45,55,45,,,,,
Malcolm Moore,TEX,,,C,,50,55,50,50,45,30,45,60,,,,,,,,,,,
Justin Foscue,TEX,,,INF,,45,55,45,45,40,40,60,60,,,,,,,,,,,
Dylan Dreiling,TEX,,,OF,,45,50,55,50,45,50,40,50,,,,,,,,,,,
Izack Tiger,TEX,,,RHP,,45,,,,,,,,50,60,,,55,,,50,,,
Casey Cook,TEX,,,2B/OF,,40,55,40,45,45,45,50,50,,,,,,,,,,,
David Hagaman,TEX,,,RHP,,40,,,,,,,,40,50,,,55,50,,,,,
Alejandro Rosario,TEX,,,RHP,,55,,,,,,,,60,60,,,55,,,55,,,
Marc Church,TEX,,,RP,,40,,,,,,,,40,55,,,55,,,,,,
Cameron Cauley,TEX,,,SS,,40,30,45,60,55,60,25,50,,,,,,,,,,,
Kohl Drake,TEX,,,LHP,,40,,,,,,,,55,55,,55,,45,,,,,
Winston Santos,TEX,,,RHP,,50,,,,,,,,60,55,,,55,45,,,,,
Yolfran Castillo,TEX,,,SS,,50,60,30,50,60,50,70,60,,,,,,,,,,,
Alejandro Osuna,TEX,,,OF,,45,55,45,50,50,50,45,50,,,,,,,,,,,
Yeremi Cabrera,TEX,,,OF,,45,55,30,50,50,60,55,60,,,,,,,,,,,
Braylin Morel,TEX,,,OF,,45,50,60,40,55,45,45,55,,,,,,,,,,,
Paulino Santana,TEX,,,OF,,45,55,55,50,50,50,55,45,,,,,,,,,,,
David Davalillo,TEX,,,RHP,,45,,,,,,,,60,50,,45,45,,,60,,,
Dustin Harris,TEX,,,OF,,40,45,45,45,45,50,60,55,,,,,,,,,,,
Jose Corniell,TEX,,,RHP,,40,,,,,,,,50,55,45,,55,50,,,,,
Dane Acker,TEX,,,RHP,,40,,,,,,,,45,55,,40,55,50,,,,,
Kolton Curtis,TEX,,,RHP,,40,,,,,,,,30,50,,40,55,60,,,,,
Paul Bonzagni,TEX,,,RHP,,40,,,,,,,,60,60,,,60,,,,,,
Josh Stephan,TEX,,,RHP,,40,,,,,,,,60,,40,,60,55,,,,,
Yeison Morrobel,TEX,,,OF,,40,40,45,50,60,40,35,50,,,,,,,,,,,
Abimelec Ortiz,TEX,,,1B,,40,45,55,40,40,30,35,50,,,,,,,,,,,
Anthony Gutierrez,TEX,,,OF,,40,40,40,60,55,60,55,40,,,,,,,,,,,
Mitch Bratt,TEX,,,LHP,,40,,,,,,,,60,50,,,50,50,,,,,
Skylar Hales,TEX,,,RHP,,40,,,,,,,,50,60,,40,45,,,,,,
Caden Scarborough,TEX,,,RHP,,40,,,,,,,,40,55,,50,50,,,,,,
Trey Yesavage,TOR,,,RHP,,55,,,,,,,,55,55,,50,60,,,60,,,
Arjun Nimmala,TOR,,,SS,,50,45,60,55,55,55,45,50,,,,,,,,,,,
Orelvis Martinez,TOR,,,3B/2B,,50,45,60,45,60,45,45,45,,,,,,,,,,,
Jake Bloss,TOR,,,RHP,,50,,,,,,,,45,60,,50,55,40,,,,,
Will Wagner,TOR,,,2B/3B,,45,55,40,55,45,45,60,60,,,,,,,,,,,
Ricky Tiedemann,TOR,,,LHP,,50,,,,,,,,50,60,,,55,50,,,,,
Adam Macko,TOR,,,LHP,,45,,,,,,,,50,45,,55,50,45,,,,,
Charles McAdoo,TOR,,,3B/OF,,45,45,50,45,50,50,40,45,,,,,,,,,,,
Kendry Rojas,TOR,,,LHP,,45,,,,,,,,50,50,,,55,40,,,,,
Josh Kasevich,TOR,,,SS,,45,55,45,55,50,45,70,40,,,,,,,,,,,
Alan Roden,TOR,,,OF,,50,60,50,50,50,45,60,60,,,,,,,,,,,
Johnny King ,TOR,,,LHP,,45,,,,,,,,45,50,,60,,50,,,,,
Victor Arias,TOR,,,OF,,45,50,50,50,50,55,50,55,,,,,,,,,,,
Fernando Perez,TOR,,,RHP,,45,,,,,,,,55,50,,55,50,45,,,,,
Enmauel Bonilla,TOR,,,OF,,45,50,55,50,55,45,50,50,,,,,,,,,,,
Damiano Palmegiani,TOR,,,3B/1B,,40,40,55,45,50,40,30,45,,,,,,,,,,,
Eddinson Paulino,TOR,,,SS/3B,,40,45,45,45,45,50,40,50,,,,,,,,,,,
Nolan Perry,TOR,,,RP,,40,,,,,,,,40,50,,50,40,45,,,,,
Edward Duran,TOR,,,C,,40,45,30,50,55,40,40,40,,,,,,,,,,,
Sean Keys,TOR,,,3B,,40,55,45,45,50,45,50,55,,,,,,,,,,,
Angel Bastardo,TOR,,,RP,,40,,,,,,,,40,55,,45,40,55,,,,,
Josh Rivera,TOR,,,SS,,40,40,30,55,50,50,30,60,,,,,,,,,,,
Jace Bohrofen,TOR,,,RF,,40,45,50,45,55,45,45,60,,,,,,,,,,,
Khal Stephen,TOR,,,RHP,,45,,,,,,,,50,55,,45,50,50,,,,,
Leo Jimenez,TOR,,,SS,,40,45,35,55,50,50,60,55,,,,,,,,,,,
Adrian Pinto,TOR,,,2B,,40,45,30,55,50,60,60,30,,,,,,,,,,,
Riley Tirotta,TOR,,,1B,,40,40,45,45,45,40,30,60,,,,,,,,,,,
Chad Dallas,TOR,,,RHP,,40,,,,,,,,50,50,55,50,45,30,,,,,
Brandon Barriera,TOR,,,LHP,,40,,,,,,,,45,55,,,55,45,,,,,
Cutter Coffey,TOR,,,2B,,40,55,40,50,55,50,60,55,,,,,,,,,,,
Yohendrick Pinango,TOR,,,OF,,40,40,40,45,45,50,55,45,,,,,,,,,,,
R.J. Schreck,TOR,,,OF,,45,45,45,50,45,45,55,70,,,,,,,,,,,
Peyton Williams,TOR,,,1B,,40,50,60,40,50,30,30,55,,,,,,,,,,,
Landen Maroudis,TOR,,,RHP,,45,,,,,,,,50,55,,50,50,45,,,,,
Jauron Watts-Brown,TOR,,,RHP,,40,,,,,,,,45,50,,50,55,,,,,,
Mason Fluharty,TOR,,,RP,,40,,,,,,,,50,50,50,,60,,,,,,
Ryan Jennings,TOR,,,RHP,,40,,,,,,,,45,60,,50,55,40,,,,,
Carson Messina,TOR,,,RHP,,40,,,,,,,,40,55,,60,,45,,,,,
Lazaro Estrada,TOR,,,RHP,,40,,,,,,,,40,50,,50,55,45,,,,,
Dasan Brown,TOR,,,OF,,40,40,40,60,40,80,40,45,,,,,,,,,,,
Jack Wenninger,NYM,,,RHP,,45,,,,,,,,50,45,,50,45,55,,,,,
Jett Williams,NYM,,,SS,,55,60,40,55,50,70,55,60,,,,,,,,,,,
Ryan Clifford,NYM,,,1B/OF,,50,40,60,50,60,40,30,55,,,,,,,,,,,
Marco Vargas,NYM,,,SS,,45,60,30,50,45,45,60,55,,,,,,,,,,,
Drew Gilbert,NYM,,,OF,,50,55,45,55,55,55,45,50,,,,,,,,,,,
Brandon Sproat,NYM,,,RHP,,55,,,,,,,,55,50,45,40,50,60,,,,,
Blade Tidwell,NYM,,,RHP,,45,,,,,,,,45,55,50,45,55,50,,,,,
Luisangel Acuna,NYM,,,SS,,50,50,45,50,55,60,45,50,,,,,,,,,,,
Jonathan Santucci,NYM,,,LHP,,45,,,,,,,,40,55,,,60,55,,,,,
Jacob Reimer,NYM,,,3B,,45,55,45,50,50,40,55,65,,,,,,,,,,,
Ronny Mauricio,NYM,,,2B,,45,45,60,50,60,55,30,40,,,,,,,,,,,
Jonah Tong,NYM,,,RHP,,40,,,,,,,,50,50,40,55,,45,,,,,
Nolan McLean,NYM,,,RHP,,50,,,,,,,,40,60,55,,70,30,,,,,
Jesus Baez,NYM,,,SS/3B,,45,40,55,50,55,40,55,40,,,,,,,,,,,
Nick Morabito,NYM,,,CF,,40,50,30,50,45,60,50,45,,,,,,,,,,,
Boston Baro,NYM,,,SS,,45,55,40,50,50,45,55,60,,,,,,,,,,,
Alex Ramirez,NYM,,,OF,,40,40,50,55,50,60,50,45,,,,,,,,,,,
Dom Hamel,NYM,,,RHP,,40,,,,,,,,,50,55,,50,40,,,,,
Yovanny Rodriguez,NYM,,,C,,45,50,50,50,60,40,45,55,,,,,,,,,,,
Nate Dohm,NYM,,,RHP,,45,,,,,,,,50,55,,50,55,40,,,,,
Jeremy Rodriguez,NYM,,,SS,,45,55,40,50,50,55,55,55,,,,,,,,,,,
Carson Benge,NYM,,,OF,,50,55,55,50,60,50,55,60,,,,,,,,,,,
Eli Serrano III,NYM,,,OF,,45,55,50,45,45,45,50,45,,,,,,,,,,,
Trey Snyder,NYM,,,SS,,45,50,45,55,50,50,55,50,,,,,,,,,,,
Will Watson,NYM,,,RHP,,45,,,,,,,,45,55,,,50,55,,,,,
Daiverson Gutierrez,NYM,,,C,,45,55,45,50,50,30,55,50,,,,,,,,,,,
PJ Morlando,MIA,,,OF,,45,55,55,50,50,50,45,60,,,,,,,,,,,
Robby Snelling,MIA,,,LHP,,50,,,,,,,,45,50,,60,,45,,,,,
Dax Fulton,MIA,,,LHP,,45,,,,,,,,45,50,,60,55,45,,,,,
Kemp Alderman,MIA,,,OF,,45,40,70,50,60,45,30,40,,,,,,,,,,,
Noble Meyer,MIA,,,RHP,,45,,,,,,,,40,60,,50,55,55,,,,,
Thomas White,MIA,,,LHP,,55,,,,,,,,50,60,,60,,55,,,,,
Andres Valor,MIA,,,OF,,40,45,55,50,55,50,30,55,,,,,,,,,,,
Agustin Ramirez,MIA,,,C,,50,50,70,45,55,30,30,50,,,,,,,,,,,
Joe Mack,MIA,,,C,,45,40,55,55,55,40,40,50,,,,,,,,,,,
Victor Mesa Jr.,MIA,,,CF,,40,50,50,55,55,50,35,40,,,,,,,,,,,
Jared Serna,MIA,,,2B/SS,,45,50,50,55,50,55,45,50,,,,,,,,,,,
Jacob Miller,MIA,,,RHP,,45,,,,,,,,45,50,,55,55,50,,,,,
Carter Johnson,MIA,,,SS,,50,50,55,50,50,45,50,55,,,,,,,,,,,
Aiden May,MIA,,,RHP,,45,,,,,,,,45,55,,,60,50,,,,,
Gage Miller,MIA,,,2B/3B,,45,55,45,45,45,40,55,45,,,,,,,,,,,
Adam Mazur,MIA,,,RHP,,45,,,,,,,,50,55,,45,55,45,,,,,
Dilon Head,MIA,,,OF,,45,45,45,50,60,70,35,60,,,,,,,,,,,
Luis Cova,MIA,,,OF,,45,50,40,55,50,70,60,50,,,,,,,,,,,
Jakob Marsee,MIA,,,OF,,40,50,30,50,55,55,40,70,,,,,,,,,,,
Graham Pauley,MIA,,,3B,,40,45,40,40,40,45,40,60,,,,,,,,,,,
Deyvison De Los Santos,MIA,,,1B,,50,30,60,40,60,30,20,30,,,,,,,,,,,
Javier Sanoja,MIA,,,OF,,45,55,30,50,45,40,70,30,,,,,,,,,,,
Karson Milbrandt,MIA,,,RHP,,45,,,,,,,,40,55,,50,,45,,,,,
Andrew Pintar,MIA,,,OF,,40,40,30,60,40,60,50,60,,,,,,,,,,,
Keyner Benitez,MIA,,,LHP,,45,,,,,,,,45,50,,45,50,60,,,,,
Fenwick Trimble,MIA,,,OF,,40,40,50,50,45,60,35,40,,,,,,,,,,,
Grant Shepardson,MIA,,,RHP,,40,,,,,,,,45,50,,40,55,45,,,,,
Jacob Jenkins-Cowart,MIA,,,1B,,45,45,55,50,50,40,45,40,,,,,,,,,,,
Garret Forrester,MIA,,,C/3B,,40,50,40,45,50,40,50,50,,,,,,,,,,,
Seaver King,WSH,,,SS,,50,45,55,50,50,60,65,40,,,,,,,,,,,
Dylan Crews,WSH,,,OF,,60,55,60,60,60,60,50,55,,,,,,,,,,,
Jarlin Susana,WSH,,,RHP,,55,,,,,,,,50,70,,,70,45,,,,,
Travis Sykora,WSH,,,RHP,,55,,,,,,,,50,60,,,55,55,,,,,
Alex Clemmey,WSH,,,LHP,,45,,,,,,,,40,55,,,55,50,,,,,
Jackson Kent,WSH,,,LHP,,40,,,,,,,,50,45,,50,55,50,,,,,
Cristhian Vaquero,WSH,,,OF,,45,45,45,50,55,60,30,40,,,,,,,,,,,
Cayden Wallace,WSH,,,3B,,45,55,45,55,55,40,55,50,,,,,,,,,,,
Yohandy Morales,WSH,,,1B,,45,55,50,55,60,40,40,50,,,,,,,,,,,
Daylen Lile,WSH,,,OF,,45,60,40,45,45,45,50,60,,,,,,,,,,,
Robert Hassell III,WSH,,,OF,,40,45,40,50,50,50,45,50,,,,,,,,,,,
Tyler Stuart,WSH,,,RHP,,40,,,,,,,,45,50,,,50,50,,,,,
Brady House,WSH,,,SS,,50,50,55,50,60,50,40,45,,,,,,,,,,,
Zach Brzycky,WSH,,,RP,,40,,,,,,,,40,55,,50,,45,,,,,
Angel Feliz,WSH,,,SS,,50,50,50,55,50,55,55,60,,,,,,,,,,,
Cade Cavalli,WSH,,,RHP,,45,,,,,,,,45,55,,60,50,45,,,,,
Victor Hurtado,WSH,,,OF,,40,50,55,45,50,50,50,50,,,,,,,,,,,
Jake Bennett,WSH,,,LHP,,45,,,,,,,,60,45,,,55,60,,,,,
Caleb Lomavita,WSH,,,C,,45,45,50,50,55,50,55,30,,,,,,,,,,,
Luke Dickerson,WSH,,,2B/OF,,45,45,55,50,45,60,45,50,,,,,,,,,,,
Kevin Bazzell,WSH,,,C,,45,60,40,45,55,45,60,40,,,,,,,,,,,
Cade Horton,CHC,,,RHP,,55,,,,,,,,55,55,,,70,50,,,,,
Kevin Alcantara,CHC,,,OF,,50,40,60,55,55,60,35,50,,,,,,,,,,,
James Triantos,CHC,,,2B,,45,60,40,50,50,50,70,35,,,,,,,,,,,
Jack Neely,CHC,,,RP,,40,,,,,,,,45,55,,,70,,,,,,
Benjamin Cowles,CHC,,,INF,,40,50,40,45,40,50,60,60,,,,,,,,,,,
Will Sanders,CHC,,,RHP,,40,,,,,,,,40,50,,55,55,55,,,,,
Ariel Armas,CHC,,,C,,40,45,40,60,60,45,55,55,,,,,,,,,,,
Brandon Birdsell,CHC,,,RHP,,45,,,,,,,,60,45,,50,60,30,,,,,
Angel Cepeda,CHC,,,SS,,45,50,40,50,50,60,50,60,,,,,,,,,,,
Derniche Valdez,CHC,,,SS,,40,30,50,40,50,60,25,30,,,,,,,,,,,
Ty Southisene,CHC,,,SS,,40,50,40,55,50,55,50,45,,,,,,,,,,,
Cole Mathis,CHC,,,1B,,45,55,55,40,60,40,60,70,,,,,,,,,,,
Matt Shaw,CHC,,,3B,,60,55,60,45,50,60,55,55,,,,,,,,,,,
Owen Caissie,CHC,,,OF,,50,45,60,50,60,50,40,55,,,,,,,,,,,
Moises Ballesteros,CHC,,,C,,50,60,50,45,60,30,60,45,,,,,,,,,,,
Jefferson Rojas,CHC,,,SS,,45,55,45,50,60,50,65,50,,,,,,,,,,,
Jaxon Wiggins,CHC,,,RHP,,45,,,,,,,,40,60,,40,55,50,,,,,
Jonathan Long,CHC,,,1B/3B/OF,,45,55,55,50,40,40,55,60,,,,,,,,,,,
Alexander Canario,NYM,,,OF,,40,30,60,50,60,45,35,40,,,,,,,,,,,
Fernando Cruz,CHC,,,SS,,40,40,50,55,55,60,40,40,,,,,,,,,,,
Ronny Cruz,CHC,,,SS,,40,40,50,50,55,55,45,50,,,,,,,,,,,
Cristian Hernandez,CHC,,,SS,,40,45,50,50,50,55,40,60,,,,,,,,,,,
Luis Vazquez,BAL,,,SS,,40,40,45,45,50,50,55,40,,,,,,,,,,,
Pedro Ramirez,CHC,,,2B/3B,,40,45,30,45,45,50,55,60,,,,,,,,,,,
Eriandys Ramon,CHC,,,SS/3B,,40,30,40,40,50,45,25,40,,,,,,,,,,,
Eli Lovich,CHC,,,OF,,40,30,40,40,55,45,45,55,,,,,,,,,,,
Brett Bateman,CHC,,,OF,,40,50,20,50,45,60,60,60,,,,,,,,,,,
Yahil Melendez,CHC,,,SS/3B,,40,30,40,50,55,50,30,45,,,,,,,,,,,
Brody McCullough,CHC,,,RHP,,45,,,,,,,,55,55,,45,50,45,,,,,
BJ Murray Jr,CHC,,,3B,,40,50,45,45,45,45,45,70,,,,,,,,,,,
Nazier Mule,CHC,,,RHP,,40,,,,,,,,30,60,,,50,45,,,,,
Caleb Kilian,CHC,,,RHP,,40,,,,,,,,50,55,50,50,45,30,,,,,
Mike Boeve,MIL,,,3B,,50,55,40,50,50,40,50,55,,,,,,,,,,,
Luke Adams,MIL,,,3B,,45,45,55,40,50,40,60,60,,,,,,,,,,,
Josh Knoth,MIL,,,RHP,,50,,,,,,,,40,55,,60,55,45,,,,,
Blake Burke,MIL,,,1B,,45,50,60,45,40,30,45,45,,,,,,,,,,,
Jeferson Quero,MIL,,,C,,50,50,55,60,60,20,45,50,,,,,,,,,,,
Cooper Pratt,MIL,,,SS,,50,55,45,50,55,50,55,55,,,,,,,,,,,
Jesus Made,MIL,,,SS,,60,60,60,50,60,55,70,65,,,,,,,,,,,
Eric Bitonti,MIL,,,1B/3B,,45,50,60,40,55,30,40,45,,,,,,,,,,,
Logan Henderson,MIL,,,RHP,,50,,,,,,,,55,55,50,,40,60,,,,,
Jadher Areinamo,MIL,,,2B/SS,,40,50,40,50,45,45,45,40,,,,,,,,,,,
Yophery Rodriguez,MIL,,,OF,,50,45,55,50,55,50,30,40,,,,,,,,,,,
Braylon Payne,MIL,,,OF,,50,50,40,60,55,70,35,45,,,,,,,,,,,
Jacob Misiorowski,MIL,,,RHP,,55,,,,,,,,40,80,,70,70,,,,,,
Luis Pena,MIL,,,INF,,50,60,40,45,55,70,60,40,,,,,,,,,,,
Brett Wichrowski,MIL,,,RHP,,45,,,,,,,,45,55,45,,55,40,,,,,
Travis Smith,MIL,,,RHP,,40,,,,,,,,30,50,,,55,40,,,,,
Craig Yoho,MIL,,,RP,,45,,,,,,,,45,50,,,55,60,,,,,
K.C. Hunt,MIL,,,RHP,,40,,,,,,,,40,45,55,50,50,45,,,,,
Luis Lara,MIL,,,OF,,40,40,30,60,50,60,55,50,,,,,,,,,,,
Dylan O'Rae,MIL,,,INF,,40,40,30,50,45,60,40,65,,,,,,,,,,,
Juan Baez,MIL,,,INF,,40,45,35,50,45,45,60,60,,,,,,,,,,,
Jorge Quintana,MIL,,,INF,,40,55,40,50,50,50,40,60,,,,,,,,,,,
Coleman Crow,MIL,,,RHP,,40,,,,,,,,50,45,,60,55,40,,,,,
Tyler Black,MIL,,,1B/3B/OF,,45,55,40,50,40,55,40,60,,,,,,,,,,,
Caleb Durbin,MIL,,,2B/OF,,45,60,40,45,40,55,70,55,,,,,,,,,,,
Brock Wilken,MIL,,,3B,,45,30,60,40,60,30,30,55,,,,,,,,,,,
Jose Anderson,MIL,,,OF,,45,45,55,50,60,50,55,60,,,,,,,,,,,
Bryce Meccage,MIL,,,RHP,,50,,,,,,,,50,55,,55,60,40,,,,,
Robert Gasser,MIL,,,LHP,,45,,,,,,,,50,50,45,,55,50,,,,,
Filippo Di Turi,MIL,,,SS,,40,40,30,45,60,50,45,40,,,,,,,,,,,
Bishop Letson,MIL,,,RHP,,40,,,,,,,,45,55,,,50,45,,,,,
Carlos F. Rodriguez,MIL,,,RHP,,45,,,,,,,,50,45,45,50,55,60,,,,,